-- Test data for security integration tests
-- This data is autonomous and independent from main application data

-- Users with different roles for testing
INSERT INTO users (username, password, enabled) VALUES
('admin', '$2a$10$ymaklWBnpBKlgdMgkjWVF.GMGyvH8aDuTK.glFOaKw712LHtRRymS', TRUE),
('owner1', '$2a$10$ymaklWBnpBKlgdMgkjWVF.GMGyvH8aDuTK.glFOaKw712LHtRRymS', TRUE),
('owner2', '$2a$10$ymaklWBnpBKlgdMgkjWVF.GMGyvH8aDuTK.glFOaKw712LHtRRymS', TRUE),
('vet1', '$2a$10$ymaklWBnpBKlgdMgkjWVF.GMGyvH8aDuTK.glFOaKw712LHtRRymS', TRUE),
('vet2', '$2a$10$ymaklWBnpBKlgdMgkjWVF.GMGyvH8aDuTK.glFOaKw712LHtRRymS', TRUE),
('user1', '$2a$10$ymaklWBnpBKlgdMgkjWVF.GMGyvH8aDuTK.glFOaKw712LHtRRymS', TRUE),
('vetadmin', '$2a$10$ymaklWBnpBKlgdMgkjWVF.GMGyvH8aDuTK.glFOaKw712LHtRRymS', TRUE),
('owneradmin', '$2a$10$ymaklWBnpBKlgdMgkjWVF.GMGyvH8aDuTK.glFOaKw712LHtRRymS', TRUE);

-- Roles assignment
INSERT INTO roles (username, role) VALUES ('admin', 'ROLE_ADMIN');
INSERT INTO roles (username, role) VALUES ('admin', 'ROLE_VET_ADMIN');
INSERT INTO roles (username, role) VALUES ('admin', 'ROLE_OWNER_ADMIN');
INSERT INTO roles (username, role) VALUES ('owner1', 'ROLE_OWNER');
INSERT INTO roles (username, role) VALUES ('owner2', 'ROLE_OWNER');
INSERT INTO roles (username, role) VALUES ('vet1', 'ROLE_VET');
INSERT INTO roles (username, role) VALUES ('vet2', 'ROLE_VET');
INSERT INTO roles (username, role) VALUES ('user1', 'ROLE_USER');
INSERT INTO roles (username, role) VALUES ('vetadmin', 'ROLE_VET_ADMIN');
INSERT INTO roles (username, role) VALUES ('owneradmin', 'ROLE_OWNER_ADMIN');

-- Vets linked to users
INSERT INTO vets (id, first_name, last_name, username) VALUES (1, 'James', 'Carter', 'vet1');
INSERT INTO vets (id, first_name, last_name, username) VALUES (2, 'Helen', 'Leary', 'vet2');
INSERT INTO vets (id, first_name, last_name) VALUES (3, 'Linda', 'Douglas');
INSERT INTO vets (id, first_name, last_name) VALUES (4, 'Rafael', 'Ortega');
INSERT INTO vets (id, first_name, last_name) VALUES (5, 'Henry', 'Stevens');
INSERT INTO vets (id, first_name, last_name) VALUES (6, 'Sharon', 'Jenkins');

-- Specialties
INSERT INTO specialties (id, name) VALUES (1, 'radiology');
INSERT INTO specialties (id, name) VALUES (2, 'surgery');
INSERT INTO specialties (id, name) VALUES (3, 'dentistry');

-- Vet specialties
INSERT INTO vet_specialties VALUES (2, 1);
INSERT INTO vet_specialties VALUES (3, 2);
INSERT INTO vet_specialties VALUES (3, 3);
INSERT INTO vet_specialties VALUES (4, 2);
INSERT INTO vet_specialties VALUES (5, 1);

-- Pet types
INSERT INTO types (id, name) VALUES (1, 'cat');
INSERT INTO types (id, name) VALUES (2, 'dog');
INSERT INTO types (id, name) VALUES (3, 'lizard');
INSERT INTO types (id, name) VALUES (4, 'snake');
INSERT INTO types (id, name) VALUES (5, 'bird');
INSERT INTO types (id, name) VALUES (6, 'hamster');

-- Owners linked to users
INSERT INTO owners (id, first_name, last_name, address, city, telephone, username) VALUES (1, 'George', 'Franklin', '110 W. Liberty St.', 'Madison', '6085551023', 'owner1');
INSERT INTO owners (id, first_name, last_name, address, city, telephone, username) VALUES (2, 'Betty', 'Davis', '638 Cardinal Ave.', 'Sun Prairie', '6085551749', 'owner2');
INSERT INTO owners (id, first_name, last_name, address, city, telephone) VALUES (3, 'Eduardo', 'Rodriquez', '2693 Commerce St.', 'McFarland', '6085558763');
INSERT INTO owners (id, first_name, last_name, address, city, telephone) VALUES (4, 'Harold', 'Davis', '563 Friendly St.', 'Windsor', '6085553198');
INSERT INTO owners (id, first_name, last_name, address, city, telephone) VALUES (5, 'Peter', 'McTavish', '2387 S. Fair Way', 'Madison', '6085552765');
INSERT INTO owners (id, first_name, last_name, address, city, telephone) VALUES (6, 'Jean', 'Coleman', '105 N. Lake St.', 'Monona', '6085552654');
INSERT INTO owners (id, first_name, last_name, address, city, telephone) VALUES (7, 'Jeff', 'Black', '1450 Oak Blvd.', 'Monona', '6085555387');
INSERT INTO owners (id, first_name, last_name, address, city, telephone) VALUES (8, 'Maria', 'Escobito', '345 Maple St.', 'Madison', '6085557683');
INSERT INTO owners (id, first_name, last_name, address, city, telephone) VALUES (9, 'David', 'Schroeder', '2749 Blackhawk Trail', 'Madison', '6085559435');
INSERT INTO owners (id, first_name, last_name, address, city, telephone) VALUES (10, 'Carlos', 'Estaban', '2335 Independence La.', 'Waunakee', '6085555487');

-- Pets (owner1 has pet 1, owner2 has pet 2)
INSERT INTO pets (id, name, birth_date, type_id, owner_id) VALUES (1, 'Leo', '2010-09-07', 1, 1);
INSERT INTO pets (id, name, birth_date, type_id, owner_id) VALUES (2, 'Basil', '2012-08-06', 6, 2);
INSERT INTO pets (id, name, birth_date, type_id, owner_id) VALUES (3, 'Rosy', '2011-04-17', 2, 3);
INSERT INTO pets (id, name, birth_date, type_id, owner_id) VALUES (4, 'Jewel', '2010-03-07', 2, 3);
INSERT INTO pets (id, name, birth_date, type_id, owner_id) VALUES (5, 'Iggy', '2010-11-30', 3, 4);
INSERT INTO pets (id, name, birth_date, type_id, owner_id) VALUES (6, 'George', '2010-01-20', 4, 5);
INSERT INTO pets (id, name, birth_date, type_id, owner_id) VALUES (7, 'Samantha', '2012-09-04', 1, 6);
INSERT INTO pets (id, name, birth_date, type_id, owner_id) VALUES (8, 'Max', '2012-09-04', 1, 6);
INSERT INTO pets (id, name, birth_date, type_id, owner_id) VALUES (9, 'Lucky', '2011-08-06', 5, 7);
INSERT INTO pets (id, name, birth_date, type_id, owner_id) VALUES (10, 'Mulligan', '2007-02-24', 2, 8);
INSERT INTO pets (id, name, birth_date, type_id, owner_id) VALUES (11, 'Freddy', '2010-03-09', 5, 9);
INSERT INTO pets (id, name, birth_date, type_id, owner_id) VALUES (12, 'Lucky', '2010-06-24', 2, 10);
INSERT INTO pets (id, name, birth_date, type_id, owner_id) VALUES (13, 'Sly', '2012-06-08', 1, 10);

-- Visits
INSERT INTO visits (id, pet_id, visit_date, description) VALUES (1, 7, '2013-01-01', 'rabies shot');
INSERT INTO visits (id, pet_id, visit_date, description) VALUES (2, 8, '2013-01-02', 'rabies shot');
INSERT INTO visits (id, pet_id, visit_date, description) VALUES (3, 8, '2013-01-03', 'neutered');
INSERT INTO visits (id, pet_id, visit_date, description) VALUES (4, 7, '2013-01-04', 'spayed');
-- Visits for owner1 (pet 1) and owner2 (pet 2) for ownership tests
INSERT INTO visits (id, pet_id, visit_date, description) VALUES (5, 1, '2024-01-15', 'checkup');
INSERT INTO visits (id, pet_id, visit_date, description) VALUES (6, 2, '2024-01-16', 'vaccination');

